Dice,IOU,Precision,Recall,F1
0.789348304271698,0.6790623068809509,0.8407539129257202,0.766970157623291,0.7893483638763428
