Dice,IOU,Precision,Recall,F1
0.7999870181083679,0.6904663443565369,0.8389401435852051,0.7810710072517395,0.7999869585037231
