Dice,IOU,Precision,Recall,F1
0.8202917575836182,0.7175107002258301,0.8667237758636475,0.7961039543151855,0.8202916979789734
