Dice,IOU,Precision,Recall,F1
0.8280479907989502,0.7275663614273071,0.8639260530471802,0.8095285892486572,0.8280479907989502
