Dice,IOU,Precision,Recall,F1
0.7958850860595703,0.688554048538208,0.859567403793335,0.7679662704467773,0.7958850860595703
