Dice,IOU,Precision,Recall,F1
0.8082117438316345,0.6978253126144409,0.8337078094482422,0.7909219264984131,0.8082117438316345
