Dice,IOU,Precision,Recall,F1
0.8024204969406128,0.6948117017745972,0.8475258946418762,0.7825126647949219,0.8024204969406128
