Dice,IOU,Precision,Recall,F1
0.8104785084724426,0.7031887769699097,0.8439457416534424,0.7906198501586914,0.8104785084724426
