Dice,IOU,Precision,Recall,F1
0.8088562488555908,0.704460859298706,0.86203932762146,0.7848029136657715,0.8088562488555908
