Dice,IOU,Precision,Recall,F1
0.8029076457023621,0.6968891620635986,0.8607907295227051,0.7763124704360962,0.8029076457023621
