Dice,IOU,Precision,Recall,F1
0.8151456713676453,0.7084943056106567,0.8384232521057129,0.7984512448310852,0.8151456713676453
