Dice,IOU,Precision,Recall,F1
0.8206844329833984,0.7176868915557861,0.8577196598052979,0.8012638688087463,0.8206843733787537
