Dice,IOU,Precision,Recall,F1
0.8911835672416143,0.8038959451308467,0.8911835672416143,0.8911835672416143,0.8911835672416143
