Dice,IOU,Precision,Recall,F1
0.8888240090687205,0.7999550698161693,0.8888240090687205,0.8888240090687205,0.8888240090687205
