Dice,IOU,Precision,Recall,F1
0.8937016129493713,0.8078305125236511,0.8937016129493713,0.8937016129493713,0.8937014937400818
