Dice,IOU,Precision,Recall,F1
0.8827447891235352,0.7901012301445007,0.8827447891235352,0.8827447891235352,0.8827447891235352
