Dice,IOU,Precision,Recall,F1
0.8741228580474854,0.7763927578926086,0.8741228580474854,0.8741228580474854,0.8741228580474854
