Dice,IOU,Precision,Recall,F1
0.8826379179954529,0.7899301052093506,0.8826379179954529,0.8826379179954529,0.8826379179954529
