Dice,IOU,Precision,Recall,F1
0.8943536281585693,0.8088966012001038,0.8943536281585693,0.8943536281585693,0.8943535685539246
