Dice,IOU,Precision,Recall,F1
0.8983181118965149,0.8154061436653137,0.8983181118965149,0.8983181118965149,0.8983181118965149
