Dice,IOU,Precision,Recall,F1
0.8852817106214532,0.7942654650524147,0.8852817106214532,0.8852817106214532,0.8852817106214532
