Dice,IOU,Precision,Recall,F1
0.8974151740991526,0.8139081127703555,0.8974151740991526,0.8974151740991526,0.8974151740991526
