Dice,IOU,Precision,Recall,F1
0.8719115072492837,0.7729235298369386,0.8719115072492837,0.8719115072492837,0.8719115072492837
