Dice,IOU,Precision,Recall,F1
0.890403669760553,0.8024409285700297,0.890403669760553,0.890403669760553,0.890403669760553
