Dice,IOU,Precision,Recall,F1
0.8713085651397705,0.7719635367393494,0.8713085651397705,0.8713085651397705,0.8713085651397705
