Dice,IOU,Precision,Recall,F1
0.8905709981918335,0.802729070186615,0.8905709981918335,0.8905709981918335,0.8905709981918335
