Dice,IOU,Precision,Recall,F1
0.8800112009048462,0.7857321500778198,0.8800112009048462,0.8800112009048462,0.8800112009048462
