Dice,IOU,Precision,Recall,F1
0.8846803307533264,0.7932078838348389,0.8846803307533264,0.8846803307533264,0.8846803307533264
