Dice,IOU,Precision,Recall,F1
0.8880614638328552,0.7986605763435364,0.8880614638328552,0.8880614638328552,0.8880614638328552
