Dice,IOU,Precision,Recall,F1
0.8882265090942383,0.7989276051521301,0.8882265090942383,0.8882265090942383,0.8882265686988831
