Dice,IOU,Precision,Recall,F1
0.8803315943880684,0.7862927471189415,0.8803315943880684,0.8803315943880684,0.8803315943880684
