Dice,IOU,Precision,Recall,F1
0.8781927824020386,0.7828375101089478,0.8781927824020386,0.8781927824020386,0.878192663192749
