Dice,IOU,Precision,Recall,F1
0.8797336220741272,0.7852897644042969,0.8797336220741272,0.8797336220741272,0.8797337412834167
