Dice,IOU,Precision,Recall,F1
0.8972011208534241,0.8135672807693481,0.8972011208534241,0.8972011208534241,0.8972011208534241
