Dice,IOU,Precision,Recall,F1
0.8806134424267943,0.7867313556165455,0.8806134424267943,0.8806134424267943,0.8806134424267943
