Dice,IOU,Precision,Recall,F1
0.8720126544270363,0.7732852336746102,0.8720126544270363,0.8720126544270363,0.8720126544270363
