Dice,IOU,Precision,Recall,F1
0.8949261903762817,0.809833824634552,0.8949261903762817,0.8949261903762817,0.8949260711669922
