Dice,IOU,Precision,Recall,F1
0.8714206218719482,0.7721393704414368,0.8714206218719482,0.8714206218719482,0.8714206218719482
