Dice,IOU,Precision,Recall,F1
0.8909859193740938,0.8034129087654285,0.8909859193740938,0.8909859193740938,0.8909859193740938
