Dice,IOU,Precision,Recall,F1
0.8787914414862886,0.7838766200456548,0.8787914414862886,0.8787914414862886,0.8787914414862886
