Dice,IOU,Precision,Recall,F1
0.8903799057006836,0.80241858959198,0.8903799057006836,0.8903799057006836,0.8903799057006836
