Dice,IOU,Precision,Recall,F1
0.8898006081581116,0.8014782071113586,0.8898006081581116,0.8898006081581116,0.8898006081581116
