Dice,IOU,Precision,Recall,F1
0.9011707305908203,0.8201190233230591,0.9011707305908203,0.9011707305908203,0.9011707305908203
