Dice,IOU,Precision,Recall,F1
0.892423152923584,0.8057438135147095,0.892423152923584,0.892423152923584,0.892423152923584
