Dice,IOU,Precision,Recall,F1
0.88719242811203,0.7972558736801147,0.88719242811203,0.88719242811203,0.88719242811203
