Dice,IOU,Precision,Recall,F1
0.8911532759666443,0.8036757111549377,0.8911532759666443,0.8911532759666443,0.8911532759666443
