Dice,IOU,Precision,Recall,F1
0.8967999815940857,0.8129077553749084,0.8967999815940857,0.8967999815940857,0.8967998623847961
